id,Name,Email,Job_Role
1,Concordia,ccoltherd0@hao123.com,VP Sales
2,Nat,nlyddon1@spiegel.de,Director of Sales
3,Kristos,kkliner2@furl.net,Programmer II
4,Joscelin,jhoggins3@biblegateway.com,VP Sales
5,Angelique,adelooze4@hugedomains.com,Web Designer IV
6,Clarabelle,cjanek5@technorati.com,Accountant I
7,Tamas,tpragnell6@cocolog-nifty.com,Account Coordinator
8,Darrel,dmcdavitt7@un.org,Computer Systems Analyst IV
9,Chariot,ccrowthe8@cdc.gov,Physical Therapy Assistant
10,Dorie,dcottage9@auda.org.au,Chief Design Engineer
11,Derrik,dwaltona@nasa.gov,Editor
12,Thacher,tgiblettb@google.co.jp,Senior Cost Accountant
13,Matthew,mdumbrellc@stanford.edu,Assistant Media Planner
14,Arlan,ahussyd@apache.org,Assistant Manager
15,Bunnie,bwarratte@networksolutions.com,Graphic Designer
16,Jamima,jwhifef@newsvine.com,Tax Accountant
17,Jazmin,jziemeckig@elpais.com,VP Sales
18,Ike,iallmannh@washington.edu,Developer III
19,Mariya,mrodenburgi@issuu.com,Registered Nurse
20,Emalia,esipsonj@youtube.com,Account Representative II
21,Keefe,karchanbaultk@mit.edu,Payment Adjustment Coordinator
22,Pablo,pgrinvall@umn.edu,Safety Technician III
23,Georgiana,gcopseym@accuweather.com,Senior Cost Accountant
24,Tadio,tnuttingn@soundcloud.com,Staff Accountant I
25,Bron,bbittanyo@smugmug.com,Speech Pathologist
26,Angy,aramlotp@xing.com,Computer Systems Analyst II
27,Madelaine,mfarnorthq@creativecommons.org,Analyst Programmer
28,Delainey,dkeelerr@naver.com,Mechanical Systems Engineer
29,Jay,joloughlins@blog.com,Programmer Analyst IV
30,Rutter,relcomet@elpais.com,Project Manager
31,Ceil,cheinigu@upenn.edu,Compensation Analyst
32,Alonzo,aheadlyv@ftc.gov,Sales Associate
33,Wilone,wfidilisw@mtv.com,Payment Adjustment Coordinator
34,Cornelius,ceberdtx@wikipedia.org,Safety Technician II
35,Minerva,mboycotty@cpanel.net,Senior Sales Associate
36,Devy,dlidgatez@nba.com,Safety Technician IV
37,Jinny,jwanless10@ocn.ne.jp,Financial Analyst
38,Ailsun,alongbottom11@com.com,Project Manager
39,Venus,vlonghurst12@cocolog-nifty.com,Clinical Specialist
40,Trevar,tmompesson13@networksolutions.com,Budget/Accounting Analyst IV
41,Myrlene,msetterington14@archive.org,Systems Administrator I
42,Jeanna,jdumbrill15@sourceforge.net,Technical Writer
43,Darlene,dtrustrie16@imageshack.us,Budget/Accounting Analyst III
44,Monica,mloble17@furl.net,Research Nurse
45,Scotty,shenrion18@businesswire.com,Safety Technician IV
46,Christiana,condrasek19@salon.com,Systems Administrator I
47,Gilbertine,ggeorgeot1a@google.it,Web Developer I
48,Rayshell,rcranny1b@hao123.com,Computer Systems Analyst III
49,Jenelle,jcolomb1c@accuweather.com,Marketing Manager
50,Benson,bpierrepoint1d@mysql.com,Programmer II
51,Mikkel,mtorbeck1e@fastcompany.com,Executive Secretary
52,Abbie,agerdts1f@zimbio.com,Assistant Media Planner
53,Worth,wphilcock1g@nifty.com,Senior Quality Engineer
54,Neal,nmegson1h@cbslocal.com,Staff Accountant II
55,Agnesse,ahatzar1i@cbslocal.com,Assistant Media Planner
56,Allegra,anewlove1j@google.com.hk,Financial Advisor
57,Darla,dspollen1k@state.gov,Software Test Engineer I
58,Blinni,bbudik1l@gmpg.org,Software Consultant
59,Mendel,mtrahear1m@marketwatch.com,Programmer Analyst IV
60,Simone,srastall1n@51.la,Cost Accountant
61,Northrop,ncoules1o@facebook.com,Nurse Practicioner
62,Ibby,ihawgood1p@zdnet.com,Programmer Analyst II
63,Wade,wmorforth1q@vinaora.com,Senior Sales Associate
64,Vale,vcoling1r@networkadvertising.org,Senior Editor
65,Myrilla,mleban1s@vimeo.com,Environmental Specialist
66,Dianne,dgaythwaite1t@skype.com,VP Quality Control
67,Jolie,jzuppa1u@aol.com,Electrical Engineer
68,Ronni,roldam1v@elegantthemes.com,Help Desk Operator
69,Julianna,jkynston1w@alexa.com,Human Resources Manager
70,Angel,astedmond1x@ihg.com,Geologist III
71,Otto,oriddett1y@gizmodo.com,Engineer I
72,Anna,aparsell1z@typepad.com,Account Executive
73,Isador,imaccrann20@timesonline.co.uk,Help Desk Technician
74,Nonna,ngranleese21@mail.ru,Nuclear Power Engineer
75,Karlee,klilly22@msn.com,Geological Engineer
76,Sadye,skluger23@bizjournals.com,Senior Developer
77,Florella,fdancer24@oaic.gov.au,Graphic Designer
78,Jakob,jmallock25@cdbaby.com,Mechanical Systems Engineer
79,Ardath,akiddle26@canalblog.com,Administrative Assistant III
80,Leia,llovegrove27@gnu.org,Accountant III
81,Danielle,ddade28@prlog.org,Design Engineer
82,Barron,bbirdwhistle29@apache.org,Senior Financial Analyst
83,Bradly,bgethouse2a@livejournal.com,Senior Quality Engineer
84,Harriott,hbrunning2b@smh.com.au,Editor
85,Ana,abrindle2c@icq.com,General Manager
86,Lola,lharral2d@aol.com,Administrative Officer
87,Toinette,tterbeek2e@columbia.edu,Sales Representative
88,Dara,dparoni2f@cbsnews.com,Occupational Therapist
89,Sallyann,slanghorn2g@java.com,Product Engineer
90,Harlen,hatwool2h@telegraph.co.uk,Community Outreach Specialist
91,Ana,aprisk2i@slideshare.net,Physical Therapy Assistant
92,Joceline,jiveson2j@163.com,Business Systems Development Analyst
93,Morgen,mbarrs2k@arstechnica.com,Database Administrator II
94,Margaret,mmelbert2l@nifty.com,VP Marketing
95,Gerri,grhys2m@multiply.com,Help Desk Technician
96,Richardo,rmccomish2n@economist.com,Design Engineer
97,Dennet,dforber2o@netscape.com,Technical Writer
98,Jocelin,jbrass2p@arstechnica.com,Help Desk Technician
99,Jennette,jcristofor2q@va.gov,Cost Accountant
100,Clementia,cswanborrow2r@skype.com,Electrical Engineer
101,Nichole,ngouinlock2s@chron.com,Nuclear Power Engineer
102,Ilaire,ibatram2t@accuweather.com,Systems Administrator III
103,Delilah,dcrowcher2u@plala.or.jp,Professor
104,Orelle,owinterbotham2v@over-blog.com,Biostatistician III
105,Jelene,jranfield2w@bloglines.com,Actuary
106,Star,smyott2x@qq.com,Teacher
107,Binnie,btoffaloni2y@digg.com,Senior Financial Analyst
108,Perrine,pdelion2z@cnn.com,Editor
109,Cherida,cjoule30@free.fr,Quality Control Specialist
110,Tedd,tharriday31@360.cn,Help Desk Operator
111,Trev,tcalan32@mozilla.org,Administrative Assistant II
112,Christophorus,causiello33@taobao.com,Statistician II
113,Valentina,vlangman34@ebay.co.uk,Office Assistant I
114,Maegan,mbierman35@hc360.com,Senior Developer
115,Maurits,mcheley36@whitehouse.gov,Product Engineer
116,Leonore,lfrawley37@latimes.com,Nurse Practicioner
117,Magdalen,mjeakins38@indiegogo.com,Senior Developer
118,Georgi,ghuncoot39@amazon.de,Senior Cost Accountant
119,Buddy,bauchinleck3a@apple.com,Marketing Manager
120,Mel,mdagnall3b@miitbeian.gov.cn,Information Systems Manager
121,Selma,smum3c@google.com,Chief Design Engineer
122,Ephraim,ezukerman3d@businessweek.com,Media Manager III
123,Christean,cwolland3e@nba.com,Marketing Manager
124,Giacomo,gbrigg3f@miibeian.gov.cn,Community Outreach Specialist
125,Drud,dbushaway3g@omniture.com,Staff Scientist
126,Carrol,cputten3h@ft.com,Environmental Specialist
127,Torie,tthyer3i@skyrock.com,Community Outreach Specialist
128,Sinclair,smactrustram3j@jalbum.net,Senior Sales Associate
129,Verina,vschanke3k@ibm.com,Teacher
130,Bailie,bstamp3l@webs.com,Database Administrator IV
131,Reinaldo,rpiers3m@booking.com,Web Designer III
132,Onfroi,oofallowne3n@liveinternet.ru,VP Accounting
133,Gilberte,gmccolm3o@bizjournals.com,Executive Secretary
134,Benita,bhamments3p@unesco.org,Database Administrator IV
135,Elwira,eatley3q@example.com,Web Developer III
136,Sheilakathryn,smattiassi3r@amazon.co.jp,Software Test Engineer I
137,Vyky,vplom3s@usnews.com,Account Coordinator
138,Carlen,cskehan3t@smugmug.com,Associate Professor
139,Waneta,wdesavery3u@psu.edu,Pharmacist
140,Amalle,aimason3v@hugedomains.com,Human Resources Manager
141,Katlin,kglendining3w@unesco.org,Compensation Analyst
142,Jacquenetta,jniemiec3x@earthlink.net,Automation Specialist I
143,Felicdad,fcaldeyroux3y@businessinsider.com,Administrative Assistant II
144,Jermayne,jahrendsen3z@washington.edu,Clinical Specialist
145,Tab,tenston40@ebay.co.uk,Business Systems Development Analyst
146,Felice,fenriquez41@cyberchimps.com,Research Associate
147,Anallise,abrownsey42@so-net.ne.jp,Nuclear Power Engineer
148,Bathsheba,bsmallcomb43@xrea.com,Registered Nurse
149,Lurleen,lbattell44@delicious.com,Associate Professor
150,Peter,pharvey45@wordpress.org,Help Desk Operator
151,Daisey,dbenwell46@webmd.com,Office Assistant II
152,Lockwood,lmildenhall47@toplist.cz,Software Test Engineer IV
153,Rasia,rgrinnikov48@1und1.de,Senior Sales Associate
154,Gizela,geisold49@cbsnews.com,Editor
155,Katee,kolivera4a@psu.edu,Occupational Therapist
156,Chad,ccarletto4b@china.com.cn,GIS Technical Architect
157,Waylon,wdennison4c@globo.com,Senior Editor
158,Doti,dgates4d@omniture.com,Help Desk Technician
159,Hyacinthie,hhenrot4e@imdb.com,Librarian
160,Lothario,lveltmann4f@shinystat.com,Executive Secretary
161,George,gbigg4g@de.vu,Assistant Professor
162,Amelie,asqueers4h@wufoo.com,Account Coordinator
163,Christi,cfoard4i@senate.gov,Chemical Engineer
164,Madelene,mbater4j@twitpic.com,Pharmacist
165,Portie,pkaemena4k@unc.edu,Graphic Designer
166,Joellyn,jcandlish4l@dropbox.com,Automation Specialist II
167,Jenda,jbruineman4m@devhub.com,Senior Financial Analyst
168,Donovan,dilymanov4n@cnbc.com,Automation Specialist II
169,Stanislas,sdowngate4o@china.com.cn,Social Worker
170,Tessy,tcottell4p@nih.gov,VP Sales
171,Franchot,faguirrezabala4q@dot.gov,VP Accounting
172,Leonid,lgeorgeson4r@google.co.uk,Associate Professor
173,Serene,sdennington4s@yale.edu,Pharmacist
174,Lucias,lcalifornia4t@deliciousdays.com,Safety Technician IV
175,Irita,iparry4u@gov.uk,Data Coordinator
176,Lula,lmablestone4v@gizmodo.com,Database Administrator I
177,Lothaire,lfarres4w@squidoo.com,Associate Professor
178,Leonanie,lsurmeir4x@odnoklassniki.ru,General Manager
179,Kain,ksieur4y@ifeng.com,Account Coordinator
180,Sonnie,smclachlan4z@csmonitor.com,Social Worker
181,Farly,fattrie50@wisc.edu,Pharmacist
182,Danielle,dburgot51@weebly.com,Financial Advisor
183,Kyla,kletessier52@jalbum.net,Analog Circuit Design manager
184,Eddi,ebendare53@apache.org,Analyst Programmer
185,Graeme,ggelardi54@hexun.com,Senior Cost Accountant
186,Marj,mrosenfrucht55@smugmug.com,Research Nurse
187,Elaina,eheggie56@surveymonkey.com,Food Chemist
188,Janeta,jbodle57@prlog.org,Systems Administrator III
189,Elsworth,ethirsk58@imgur.com,Safety Technician II
190,Barrie,brottery59@house.gov,Financial Advisor
191,Brade,bpowrie5a@canalblog.com,Product Engineer
192,Dannye,dcadle5b@jiathis.com,Web Designer II
193,Victoir,viacomo5c@slashdot.org,Senior Sales Associate
194,Ferdinande,fivison5d@mysql.com,Database Administrator IV
195,Audra,aduxfield5e@nationalgeographic.com,Administrative Assistant II
196,Mela,mwarburton5f@github.com,Systems Administrator III
197,Frasier,flean5g@fda.gov,Budget/Accounting Analyst I
198,Jonathan,jkaufman5h@google.ru,Health Coach I
199,Olympe,obooy5i@de.vu,Teacher
200,Lavinie,lchildren5j@redcross.org,Health Coach II
201,Tate,tcocozza5k@naver.com,Environmental Specialist
202,Yale,ymcgarry5l@bluehost.com,Programmer II
203,Ruggiero,rwalcher5m@drupal.org,Human Resources Manager
204,Peder,pverey5n@europa.eu,Registered Nurse
205,Chilton,cleaman5o@comsenz.com,Structural Engineer
206,Janela,jvillalta5p@amazon.com,Human Resources Manager
207,Corrie,cibbitt5q@drupal.org,Sales Associate
208,Xever,xtrodden5r@cyberchimps.com,Technical Writer
209,Rheba,rhultberg5s@bloglines.com,Health Coach I
210,Laughton,lhamshar5t@gmpg.org,Senior Cost Accountant
211,Celestina,cskalls5u@ucsd.edu,Web Developer IV
212,Chere,cbeers5v@amazon.com,Assistant Media Planner
213,Richie,rbodleigh5w@hao123.com,Account Coordinator
214,Mari,mmellows5x@phoca.cz,Assistant Manager
215,Lindsay,lstivey5y@nhs.uk,Media Manager II
216,Carole,cdoige5z@w3.org,Junior Executive
217,Juliette,jbakster60@loc.gov,Accountant II
218,Nicolina,nmacguiness61@nasa.gov,Senior Developer
219,Darwin,ddonegan62@utexas.edu,Developer I
220,Saree,scritch63@creativecommons.org,Engineer II
221,Liam,lheindrich64@icq.com,GIS Technical Architect
222,Andre,ascammell65@example.com,Programmer Analyst II
223,Jean,jjanson66@pbs.org,Research Assistant IV
224,Drucie,dpizzie67@51.la,Human Resources Manager
225,Nataniel,nchittem68@businesswire.com,Human Resources Manager
226,Adora,acastanares69@time.com,Structural Analysis Engineer
227,Bronnie,brodgman6a@china.com.cn,Registered Nurse
228,Casey,cskellen6b@unesco.org,Analyst Programmer
229,Archibald,asopper6c@geocities.jp,Graphic Designer
230,Christophe,clax6d@eventbrite.com,Senior Editor
231,Nesta,nbuckston6e@accuweather.com,Financial Advisor
232,Rhody,rderl6f@miibeian.gov.cn,Account Executive
233,Ruprecht,rsimakov6g@zimbio.com,Product Engineer
234,Cordie,ccomport6h@wikipedia.org,Human Resources Manager
235,Aurora,abalassa6i@earthlink.net,Account Coordinator
236,Roxane,rblay6j@nba.com,Executive Secretary
237,Vicky,vtimlett6k@narod.ru,Administrative Officer
238,Tyne,thotson6l@wsj.com,Recruiting Manager
239,Emmett,erickaert6m@issuu.com,Financial Advisor
240,Kelsy,kbeckhouse6n@blogspot.com,Senior Developer
241,Sawyer,sbaal6o@example.com,Senior Financial Analyst
242,Goldy,gpawlik6p@census.gov,Occupational Therapist
243,Aloise,abahl6q@msn.com,Business Systems Development Analyst
244,Flory,fdilston6r@yelp.com,Professor
245,Queenie,qklauber6s@slideshare.net,Analog Circuit Design manager
246,Donny,dballin6t@disqus.com,Civil Engineer
247,Angeline,aemerton6u@1und1.de,Senior Sales Associate
248,Carroll,cisselee6v@narod.ru,Environmental Specialist
249,Brendan,bburnhard6w@google.com.br,Quality Engineer
250,Kendra,kdudny6x@phoca.cz,Engineer II
251,Colan,cbowater6y@accuweather.com,Pharmacist
252,Husain,hmccuthais6z@ow.ly,Automation Specialist IV
253,Dunstan,dspera70@dot.gov,Web Developer I
254,Donna,dlabin71@gravatar.com,Information Systems Manager
255,Kathie,kjillings72@marriott.com,Quality Control Specialist
256,Aile,adinisco73@tumblr.com,Human Resources Assistant I
257,Ora,obertie74@histats.com,Nuclear Power Engineer
258,Andria,adorman75@devhub.com,Assistant Professor
259,Amii,aconstanza76@is.gd,Geological Engineer
260,Tessie,tcassy77@tumblr.com,Chief Design Engineer
261,Francisca,fchoake78@comsenz.com,Software Test Engineer IV
262,Ashby,abartalucci79@w3.org,Analog Circuit Design manager
263,Jacques,jolczak7a@yandex.ru,Information Systems Manager
264,Ambur,alambie7b@ocn.ne.jp,Structural Engineer
265,Dieter,datling7c@digg.com,Librarian
266,Shae,sliptrot7d@oakley.com,Statistician II
267,De,drichings7e@deviantart.com,Administrative Officer
268,Kassie,kalexandersson7f@alibaba.com,Design Engineer
269,Whitney,wholby7g@theatlantic.com,Editor
270,Shena,sscroxton7h@weather.com,Health Coach I
271,Stefa,slongwood7i@kickstarter.com,Geological Engineer
272,Roman,rvasyunin7j@intel.com,Graphic Designer
273,Gisella,gtrembath7k@lulu.com,Marketing Manager
274,Annabell,asammons7l@prweb.com,Nurse Practicioner
275,Tadd,tblackborn7m@meetup.com,Assistant Manager
276,Sascha,sbover7n@google.co.uk,Office Assistant I
277,Karel,kserjent7o@so-net.ne.jp,Project Manager
278,Shurlock,smadeley7p@sogou.com,Director of Sales
279,Jedd,jdickon7q@whitehouse.gov,Analog Circuit Design manager
280,Derry,dzaczek7r@joomla.org,GIS Technical Architect
281,Bond,bguyers7s@fotki.com,Clinical Specialist
282,Marcie,mbuggy7t@e-recht24.de,Clinical Specialist
283,Agustin,apedican7u@ovh.net,Clinical Specialist
284,Stafford,sdyton7v@github.com,GIS Technical Architect
285,Bartlett,bbrunt7w@arizona.edu,Database Administrator IV
286,Christoper,cpatty7x@go.com,Accountant I
287,Barnie,btregenza7y@nydailynews.com,Paralegal
288,Rivalee,rbrodie7z@cnn.com,Clinical Specialist
289,Allie,aguslon80@hexun.com,Research Associate
290,Ingeborg,igarth81@yale.edu,Data Coordinator
291,Cecil,cduffield82@weather.com,Internal Auditor
292,Jean,jgasticke83@list-manage.com,Recruiting Manager
293,Natka,nwilles84@berkeley.edu,Automation Specialist II
294,Mandie,maris85@utexas.edu,Junior Executive
295,Gussie,ghaacker86@skype.com,Nurse
296,Frankie,fhove87@hibu.com,Assistant Media Planner
297,Beatrice,bitzkovsky88@businessweek.com,VP Accounting
298,Hasty,holongain89@shop-pro.jp,Business Systems Development Analyst
299,Nerta,ncrispe8a@sogou.com,Speech Pathologist
300,Naoma,nswaysland8b@dailymotion.com,Associate Professor
301,Reeva,rdikles8c@cafepress.com,Recruiting Manager
302,Faye,fjuppe8d@webeden.co.uk,Geologist I
303,Vinnie,vstandeven8e@wix.com,Legal Assistant
304,Roley,rgiacaponi8f@miibeian.gov.cn,Clinical Specialist
305,Rooney,rlazell8g@g.co,Statistician II
306,Suzanna,singerfield8h@arizona.edu,Marketing Manager
307,Lauri,lemor8i@cam.ac.uk,Technical Writer
308,Adi,abrackley8j@fastcompany.com,Physical Therapy Assistant
309,Tommie,tfeldberger8k@de.vu,Pharmacist
310,Abeu,aoates8l@hibu.com,Graphic Designer
311,Ardra,aklimkiewich8m@prweb.com,VP Product Management
312,Reggie,rborland8n@aboutads.info,Software Consultant
313,Sena,smacane8o@goo.ne.jp,Tax Accountant
314,Merle,mburdikin8p@columbia.edu,Help Desk Technician
315,Eveline,egammage8q@myspace.com,Compensation Analyst
316,Aile,abromhead8r@goo.gl,Editor
317,Aleda,adurn8s@tinyurl.com,Dental Hygienist
318,Gwynne,gwinters8t@earthlink.net,Research Associate
319,Morrie,mgiddins8u@abc.net.au,Geologist I
320,Mitzi,mdearn8v@theglobeandmail.com,Software Test Engineer I
321,Vivia,vmellsop8w@sbwire.com,Graphic Designer
322,Mortie,mgwillym8x@webnode.com,VP Product Management
323,Ange,arenton8y@time.com,Financial Advisor
324,Chelsey,cbuffey8z@hatena.ne.jp,Safety Technician IV
325,Lalo,ldoylend90@cpanel.net,Media Manager I
326,Montgomery,mjaggs91@shareasale.com,Data Coordinator
327,Dosi,dkuhn92@mlb.com,Human Resources Manager
328,Sidonia,srevie93@theglobeandmail.com,Financial Analyst
329,Libbey,loliffe94@census.gov,Analyst Programmer
330,Cindie,cheare95@paginegialle.it,Financial Analyst
331,Jolyn,jsouthway96@issuu.com,VP Quality Control
332,Rollins,rculkin97@reference.com,Director of Sales
333,Lira,lswarbrigg98@imdb.com,VP Sales
334,Coletta,cdyers99@ftc.gov,Community Outreach Specialist
335,Harwell,hgobbett9a@nasa.gov,Senior Developer
336,Kelli,kvise9b@bizjournals.com,Social Worker
337,Barney,bbattison9c@fotki.com,Analyst Programmer
338,Raynor,rmountfort9d@zdnet.com,Payment Adjustment Coordinator
339,Robbie,ryablsley9e@slashdot.org,Media Manager III
340,Lodovico,lpennone9f@google.ru,Speech Pathologist
341,Ninetta,ncains9g@reference.com,Human Resources Manager
342,Baxter,bprandin9h@163.com,Junior Executive
343,Anatole,atrubshawe9i@utexas.edu,Design Engineer
344,Chev,cgavaghan9j@oaic.gov.au,VP Marketing
345,Arte,akimbley9k@lulu.com,Accounting Assistant IV
346,Kimball,klackner9l@pen.io,Quality Control Specialist
347,Glenden,gboar9m@un.org,Tax Accountant
348,Brit,btart9n@omniture.com,Compensation Analyst
349,Petra,pcoop9o@istockphoto.com,Web Developer II
350,Valerie,vhatfield9p@nydailynews.com,Human Resources Assistant II
351,Bailey,bgerhartz9q@indiatimes.com,Biostatistician II
352,Archie,anorthridge9r@go.com,Senior Quality Engineer
353,Dulcea,dforestall9s@cocolog-nifty.com,Structural Engineer
354,Mora,mpaulet9t@nasa.gov,Technical Writer
355,Honor,hblazy9u@altervista.org,Registered Nurse
356,Alyson,agladdor9v@princeton.edu,Software Consultant
357,Morty,mmorad9w@digg.com,Payment Adjustment Coordinator
358,Claudio,cjimson9x@bigcartel.com,Account Representative IV
359,Abbot,aessam9y@live.com,Staff Scientist
360,Viv,vhoudhury9z@uiuc.edu,Assistant Manager
361,Kerrill,kkollasa0@cdc.gov,Office Assistant IV
362,Erich,eswidenbanka1@sina.com.cn,Software Consultant
363,Harri,hfibbita2@phoca.cz,Structural Analysis Engineer
364,Wilhelm,wbeala3@sbwire.com,Recruiter
365,Filmer,fpadricka4@google.co.uk,Registered Nurse
366,Kingsley,kthysa5@gmpg.org,Data Coordinator
367,Edi,ecoppinsa6@arizona.edu,Analyst Programmer
368,Sadye,sketchasidea7@smh.com.au,Tax Accountant
369,Emery,eklosa8@walmart.com,Nuclear Power Engineer
370,Terrence,tdickingsa9@ovh.net,Payment Adjustment Coordinator
371,Petronia,pbackeaa@washington.edu,Developer IV
372,Ulises,ucressyab@chron.com,Quality Control Specialist
373,Armando,arosoneac@etsy.com,Speech Pathologist
374,Travers,tderuggieroad@netvibes.com,Senior Sales Associate
375,Isobel,iharborowae@prweb.com,Occupational Therapist
376,Ashby,adibenaf@indiegogo.com,Research Associate
377,Fredrick,feastupag@ca.gov,Food Chemist
378,Frederick,fwabersichah@cam.ac.uk,Statistician II
379,Moritz,mcleoburyai@ted.com,Environmental Specialist
380,Rubia,rgolsworthyaj@newyorker.com,Environmental Specialist
381,Bertram,bhelsbyak@etsy.com,Recruiting Manager
382,Ollie,osnookal@fda.gov,VP Quality Control
383,Parnell,pleedalam@hp.com,Teacher
384,Nikolos,nduckeran@nasa.gov,Executive Secretary
385,Cornie,cknappeao@pagesperso-orange.fr,Design Engineer
386,Maitilde,mwhaleap@hp.com,Sales Associate
387,Sigfried,sletchaq@geocities.jp,Technical Writer
388,Rosalinda,rharesignar@tinyurl.com,Legal Assistant
389,Deidre,dtrubshawas@bloglines.com,VP Marketing
390,Derward,dlysonsat@amazon.com,Engineer II
391,Fredric,flightbowneau@illinois.edu,Junior Executive
392,Boris,bholbornav@blog.com,Nurse Practicioner
393,Otis,oelverstonaw@bizjournals.com,Geologist III
394,Eleen,ewoolattax@xing.com,Assistant Media Planner
395,Edwin,eocalleranay@163.com,Community Outreach Specialist
396,Johnnie,jberthelaz@amazonaws.com,Community Outreach Specialist
397,Ailsun,akyrkemanb0@xing.com,Business Systems Development Analyst
398,Farlie,fallmenb1@cisco.com,Research Nurse
399,Witty,wcarnockb2@mozilla.org,Engineer III
400,Bernardo,bwainscotb3@examiner.com,Programmer Analyst IV
401,Debby,dwestoverb4@cbslocal.com,Nuclear Power Engineer
402,Sigismundo,svonoertzenb5@dailymail.co.uk,Programmer Analyst III
403,Nial,nshovelinb6@sciencedaily.com,Associate Professor
404,Wilone,wjirub7@cocolog-nifty.com,Junior Executive
405,Winni,wcatob8@gnu.org,Junior Executive
406,Raymund,rmcgraghb9@npr.org,Civil Engineer
407,Say,stremmilba@wix.com,Senior Cost Accountant
408,Derrik,dbartolomuccibb@surveymonkey.com,Occupational Therapist
409,Wald,wpinardbc@google.com.hk,Junior Executive
410,Karlik,ktilburnbd@storify.com,VP Quality Control
411,Tammara,tmcgowanbe@prlog.org,Geological Engineer
412,Shamus,sguiduccibf@kickstarter.com,Technical Writer
413,Lorne,lrupelbg@hatena.ne.jp,Actuary
414,Faith,fcaheybh@nifty.com,Structural Analysis Engineer
415,Alvira,acanizaresbi@4shared.com,Nurse
416,Lorita,ldenyerbj@webs.com,Structural Analysis Engineer
417,Tish,tlangmeadbk@umn.edu,Developer IV
418,Maitilde,mswattonbl@oracle.com,Tax Accountant
419,Marika,mdrablebm@myspace.com,Social Worker
420,Agneta,amariollebn@hud.gov,Chemical Engineer
421,Base,bgregorattibo@wsj.com,Computer Systems Analyst II
422,Andrew,awanstallbp@theguardian.com,Quality Engineer
423,Alika,amillionbq@zdnet.com,Statistician III
424,Cynthea,cprujeanbr@ucoz.ru,Chemical Engineer
425,Adi,aagglionebs@slate.com,Recruiter
426,Valdemar,vlovelockbt@usda.gov,Senior Cost Accountant
427,Claudette,cmalinsonbu@alibaba.com,Food Chemist
428,Debbie,ddegoixbv@wikispaces.com,Human Resources Assistant I
429,Dory,dtoffettobw@prnewswire.com,Help Desk Technician
430,Kitty,kolrenshawbx@hatena.ne.jp,Account Executive
431,Fransisco,fcescotiby@mail.ru,Office Assistant IV
432,Amerigo,agillionbz@goo.ne.jp,Marketing Manager
433,Ody,orundlec0@slate.com,Account Executive
434,Nil,nhelinc1@wiley.com,Community Outreach Specialist
435,Ethelind,enevinsc2@artisteer.com,Graphic Designer
436,Margaret,mbonehamc3@squidoo.com,Technical Writer
437,Ayn,adurtnellc4@sciencedaily.com,Budget/Accounting Analyst II
438,Renie,rgunningc5@myspace.com,Quality Engineer
439,Ingeborg,ipookc6@webnode.com,Web Developer I
440,Broddy,bgreathamc7@cam.ac.uk,Software Engineer I
441,Frederick,fdreghornc8@drupal.org,Data Coordinator
442,Khalil,kpaolottoc9@bravesites.com,Assistant Manager
443,Tammie,tlanawayca@drupal.org,Executive Secretary
444,Jaine,jcicetticb@plala.or.jp,Research Associate
445,Bernardina,bdurtnallcc@aol.com,Analog Circuit Design manager
446,Lawry,lburdoncd@statcounter.com,VP Product Management
447,Theo,tstubleyce@bandcamp.com,Cost Accountant
448,Dennis,dstorrescf@shop-pro.jp,Food Chemist
449,Waite,wfauldscg@nationalgeographic.com,Legal Assistant
450,Henka,hlokierch@blinklist.com,Developer IV
451,Dinny,drollittci@about.com,Developer I
452,Dal,dibbettcj@apple.com,Software Engineer I
453,Kelsey,kmacarthurck@yelp.com,Senior Developer
454,Job,jmashamcl@wikipedia.org,Web Designer II
455,Con,cbrisardcm@artisteer.com,Budget/Accounting Analyst I
456,Rosaline,rlegravecn@squidoo.com,Software Consultant
457,Kayla,kbrushfieldco@craigslist.org,Software Consultant
458,Teresa,tnapolionecp@theglobeandmail.com,Recruiter
459,Linda,ldugdalecq@uiuc.edu,Business Systems Development Analyst
460,Ezekiel,edrifecr@yellowbook.com,Quality Engineer
461,Ruby,rmollencs@newyorker.com,Business Systems Development Analyst
462,Farand,fgorckect@mozilla.org,Software Consultant
463,Miranda,mpeacockecu@discovery.com,Quality Control Specialist
464,Olwen,obursnellcv@thetimes.co.uk,Design Engineer
465,Paulie,pszepecw@dagondesign.com,Editor
466,Nedda,nmccererycx@mayoclinic.com,VP Product Management
467,Fionna,fdockerycy@bluehost.com,Media Manager IV
468,Ivory,ifallanchecz@skyrock.com,Operator
469,Ramonda,rdrifed0@opera.com,Project Manager
470,Ophelie,opooned1@upenn.edu,Administrative Assistant II
471,Wendie,wscollandd2@engadget.com,Geologist I
472,Fannie,fwortersd3@china.com.cn,Mechanical Systems Engineer
473,Katine,kyurkevichd4@oakley.com,Office Assistant IV
474,Devlin,dlawfulld5@xing.com,Technical Writer
475,Desiri,dpyffed6@nps.gov,Geologist IV
476,Haley,hbjorkand7@businessinsider.com,Operator
477,Chelsy,csymperd8@seattletimes.com,Analog Circuit Design manager
478,Anderea,amorlingd9@slideshare.net,Desktop Support Technician
479,Max,mcesconida@umich.edu,Database Administrator I
480,Adelheid,aempletondb@yellowpages.com,Software Consultant
481,Junie,jhrinchishindc@deliciousdays.com,Automation Specialist III
482,Gerome,gcorzondd@myspace.com,Paralegal
483,Christyna,cmuddimerde@independent.co.uk,Software Engineer II
484,Egon,eceeleydf@studiopress.com,Structural Engineer
485,Homerus,hgowendg@constantcontact.com,Research Associate
486,Raddy,rbrunescodh@hc360.com,Software Test Engineer II
487,Darlleen,dorbelldi@macromedia.com,Software Engineer II
488,Edgard,everbeekdj@oaic.gov.au,Human Resources Manager
489,Amargo,ahainningdk@csmonitor.com,VP Quality Control
490,Tuesday,talimandl@springer.com,Cost Accountant
491,Orton,ojoostdm@nba.com,Professor
492,Sidonnie,skilndn@nba.com,Nurse Practicioner
493,Saunders,sdomonedo@dmoz.org,Human Resources Manager
494,Garfield,gbanforddp@sina.com.cn,Chief Design Engineer
495,Salome,sgomerydq@ezinearticles.com,Analog Circuit Design manager
496,Marsiella,mberrygundr@cyberchimps.com,Software Consultant
497,Aila,achurlyds@4shared.com,Graphic Designer
498,Lotta,lcluerdt@utexas.edu,Office Assistant I
499,Barbette,bhulsedu@reddit.com,VP Quality Control
500,Janeta,jnavarredv@dagondesign.com,Information Systems Manager
501,Tiertza,tvescodw@independent.co.uk,Executive Secretary
502,Robena,rcotilarddx@xing.com,Electrical Engineer
503,Rodolphe,rmcclochdy@google.ru,Editor
504,Raddy,rnarramordz@tumblr.com,Librarian
505,Fee,folese0@latimes.com,Structural Analysis Engineer
506,Eldin,ethorbye1@sourceforge.net,Speech Pathologist
507,Den,dklossmanne2@gnu.org,Software Engineer III
508,Lynda,lcockmane3@go.com,Clinical Specialist
509,Violette,vgoselinge4@businessinsider.com,Quality Control Specialist
510,Fay,fhalshawe5@addtoany.com,Analyst Programmer
511,Aili,arexe6@nyu.edu,Recruiting Manager
512,Carlie,cstrobane7@bravesites.com,Compensation Analyst
513,Felice,fsaladinoe8@slate.com,Staff Scientist
514,Crawford,crawkesbye9@devhub.com,Community Outreach Specialist
515,Thorndike,tjagielaea@lulu.com,Environmental Specialist
516,Riva,rgrinvaldseb@usnews.com,Community Outreach Specialist
517,Boycey,bskoateec@lycos.com,Product Engineer
518,Ev,ebamlinged@house.gov,Quality Control Specialist
519,Jimmie,jblackborowee@hatena.ne.jp,Internal Auditor
520,Mechelle,mventrisef@google.co.jp,Product Engineer
521,Deny,dmallindereg@princeton.edu,Teacher
522,Clotilda,ceytoneh@usnews.com,Account Representative III
523,Bridgette,bhowmanei@livejournal.com,Account Executive
524,Dehlia,dsleighej@seesaa.net,Recruiter
525,Garfield,gnaulek@admin.ch,Mechanical Systems Engineer
526,Sharity,spennoniel@umich.edu,Accounting Assistant IV
527,Tamma,tdominiakem@imgur.com,Actuary
528,Raine,rhartupen@house.gov,Financial Analyst
529,Richmond,randreeeo@thetimes.co.uk,Web Designer II
530,Hercules,hmartynep@mozilla.org,Marketing Manager
531,Odilia,okippieeq@pinterest.com,Analyst Programmer
532,Gerti,ghungerforder@symantec.com,Account Coordinator
533,Wilbert,wdivilles@irs.gov,Geological Engineer
534,Bambie,brawsonet@house.gov,Project Manager
535,Barn,bshiltoneu@fastcompany.com,Marketing Manager
536,Wyn,wperigoev@odnoklassniki.ru,Administrative Assistant IV
537,Jefferson,jmckitterickew@csmonitor.com,Developer II
538,Eb,edeyesex@nifty.com,Health Coach II
539,Raffarty,rrevelleey@1688.com,Speech Pathologist
540,Reynard,rtrewhittez@sogou.com,Computer Systems Analyst II
541,Jacqui,jchaulkf0@home.pl,Software Consultant
542,Niles,nbowsf1@about.com,Mechanical Systems Engineer
543,Angeline,agladdisf2@simplemachines.org,VP Sales
544,Walton,wmardeef3@ow.ly,Compensation Analyst
545,Dante,dbowlerf4@cnbc.com,Financial Analyst
546,Corine,ckalbererf5@jiathis.com,Accountant III
547,Darsie,dbirchenoughf6@google.fr,Software Test Engineer III
548,Kissee,kvaulkhardf7@live.com,Senior Editor
549,Clevey,ckoomarf8@cam.ac.uk,Food Chemist
550,Zondra,zmclucasf9@livejournal.com,Teacher
551,Fredelia,fyvefa@eventbrite.com,Teacher
552,Willis,wpurdomfb@yelp.com,Food Chemist
553,Eartha,ecalderofc@hhs.gov,Account Representative IV
554,Godfrey,gfouldesfd@slate.com,Graphic Designer
555,Margarette,mwithamfe@slashdot.org,Environmental Specialist
556,Anatole,agallienneff@deliciousdays.com,VP Sales
557,Gerry,gaycefg@parallels.com,Human Resources Assistant IV
558,Jock,jgilffillanfh@wired.com,Web Designer I
559,Olympe,origgulsfordfi@ted.com,Safety Technician I
560,Gilles,gmcilmorowfj@wunderground.com,Software Engineer IV
561,Gino,gnelthorpefk@hibu.com,Teacher
562,Eran,ehouchinfl@about.me,Account Coordinator
563,Gert,gsuchefm@live.com,Desktop Support Technician
564,Maddy,mwysonfn@google.com.au,Account Executive
565,Melisenda,mvasicfo@sciencedirect.com,Payment Adjustment Coordinator
566,Annnora,adoodneyfp@ebay.com,Software Consultant
567,Noreen,neisigfq@thetimes.co.uk,Senior Quality Engineer
568,Mildrid,mchisnallfr@4shared.com,Analog Circuit Design manager
569,Payton,pfairfoulfs@de.vu,Legal Assistant
570,Des,dmenereft@macromedia.com,Associate Professor
571,Tonie,tgutersonfu@etsy.com,VP Sales
572,Tomlin,tfuncheonfv@myspace.com,Occupational Therapist
573,Ninnette,nespinazofw@baidu.com,Senior Financial Analyst
574,Blane,bbeaulyfx@oakley.com,Product Engineer
575,Susannah,sbollefy@google.com.hk,Geological Engineer
576,Nancy,nselkirkfz@skyrock.com,Project Manager
577,Conni,ceburahg0@simplemachines.org,Financial Advisor
578,Shaun,spiersong1@arstechnica.com,Database Administrator IV
579,Granville,gmaiorg2@trellian.com,Web Designer I
580,Rivy,rlockhurstg3@upenn.edu,Programmer Analyst II
581,Hulda,hmiddellg4@cdc.gov,Structural Engineer
582,Ermina,etymg5@bloglovin.com,Electrical Engineer
583,Lucia,lharlockg6@amazon.de,Accounting Assistant III
584,Del,dsmisseng7@sitemeter.com,Data Coordinator
585,Anetta,aashborng8@cloudflare.com,Assistant Professor
586,Matilde,mvideang9@addthis.com,Administrative Officer
587,Auguste,alinnemannga@statcounter.com,Legal Assistant
588,Chase,cfreckletongb@google.de,Technical Writer
589,Henka,hdealtrygc@microsoft.com,Research Associate
590,Roderigo,rdudsongd@gmpg.org,Staff Scientist
591,Junina,jstrathmange@harvard.edu,Marketing Assistant
592,Brock,bdeavillegf@mapquest.com,Account Executive
593,Timmy,tjendrickegg@auda.org.au,Operator
594,Zacharie,zsullygh@marriott.com,Sales Associate
595,Jozef,jbarzengi@house.gov,Marketing Assistant
596,Tiena,tfishbourngj@pinterest.com,Media Manager II
597,Micaela,mmcgarelgk@yahoo.co.jp,Staff Accountant III
598,Mellisent,mkeelgl@senate.gov,Programmer Analyst III
599,Merle,mmartijngm@walmart.com,Quality Engineer
600,Emma,edowlinggn@about.com,VP Quality Control
601,May,mmiddlemissgo@hc360.com,Recruiter
602,Willem,wrantoulgp@drupal.org,Research Associate
603,Ainslee,acaulcuttgq@ocn.ne.jp,Cost Accountant
604,Orrin,okeattchgr@prlog.org,Staff Scientist
605,Brennen,blattags@adobe.com,Quality Control Specialist
606,Filip,fodesongt@slashdot.org,Chief Design Engineer
607,Isabelle,ibaruchgu@fc2.com,Paralegal
608,Tedra,tflellogv@foxnews.com,Quality Engineer
609,Nessie,nloosleygw@seattletimes.com,Marketing Manager
610,Nonna,ncartmalegx@microsoft.com,Accounting Assistant III
611,Gertruda,gmarkusgy@imgur.com,Social Worker
612,Jermaine,jyitzhokgz@si.edu,VP Sales
613,Adams,amacknessh0@usa.gov,Help Desk Operator
614,Arleen,awestgateh1@addtoany.com,VP Product Management
615,Luis,lclaesensh2@mail.ru,Occupational Therapist
616,Brittni,bdunkerlyh3@smugmug.com,Human Resources Assistant IV
617,Sashenka,sgladwinh4@addthis.com,Geological Engineer
618,Tracie,tfairnieh5@aboutads.info,Actuary
619,Marnia,mveschih6@psu.edu,Editor
620,Ailis,asedgeworthh7@ebay.com,Operator
621,Randal,rgrimleyh8@networkadvertising.org,Software Consultant
622,Leanora,lbeadellh9@netlog.com,Staff Accountant II
623,Marget,mnoiceha@slashdot.org,Financial Advisor
624,Tracie,tcleimenthb@dion.ne.jp,Research Nurse
625,Leonid,lmacilraithhc@alibaba.com,Assistant Manager
626,Rudolfo,rgianinottihd@salon.com,Civil Engineer
627,Ezri,eranglehe@xrea.com,Paralegal
628,Carey,ccockcrofthf@cdbaby.com,Chemical Engineer
629,Michele,mbothamhg@yahoo.co.jp,Developer IV
630,Jillene,jepdellhh@diigo.com,Design Engineer
631,Marco,mmengohi@naver.com,Software Engineer III
632,Dulci,dprimetthj@1688.com,Civil Engineer
633,Hagan,hkrikorianhk@sogou.com,Professor
634,Alicia,aniesshl@acquirethisname.com,Software Engineer I
635,Carmella,cmollonhm@wordpress.com,Structural Analysis Engineer
636,Barnabas,baimablehn@ihg.com,Chief Design Engineer
637,Murray,mpimerho@nbcnews.com,Database Administrator IV
638,Addy,alambrechthp@irs.gov,Senior Sales Associate
639,Ingamar,isommervillehq@skyrock.com,Professor
640,Dorette,dvannarhr@indiegogo.com,Human Resources Manager
641,Mariel,mradolfhs@fotki.com,Automation Specialist IV
642,Kayle,kguyerht@archive.org,Technical Writer
643,Lemuel,lfetherstonhu@squidoo.com,VP Sales
644,Lawrence,lpattingsonhv@redcross.org,Biostatistician I
645,Renee,rtaklehw@delicious.com,Data Coordinator
646,Natasha,ncheccihx@webnode.com,Software Consultant
647,Chet,cdrewhy@google.com.br,Account Executive
648,Tedie,tdickeyhz@va.gov,Junior Executive
649,Kaycee,keallisi0@reuters.com,Administrative Assistant III
650,Wilone,wchittyi1@youtube.com,Recruiting Manager
651,Julissa,jkalinskyi2@so-net.ne.jp,Office Assistant III
652,Dorothee,dwoolfordei3@intel.com,Account Executive
653,Rossie,rlackeyi4@networkadvertising.org,Marketing Assistant
654,Cordi,cdaunceyi5@dion.ne.jp,Account Coordinator
655,Sibella,sdebruynei6@arizona.edu,Senior Quality Engineer
656,Thadeus,tblabyi7@artisteer.com,Research Assistant III
657,Floyd,fhedgecocki8@51.la,Technical Writer
658,Carmine,cvinsoni9@oaic.gov.au,Computer Systems Analyst I
659,Winslow,wgarvaghia@psu.edu,Occupational Therapist
660,Barrie,bhaggisib@mayoclinic.com,Programmer Analyst II
661,Sherwood,sgaishic@psu.edu,VP Quality Control
662,Benji,bbranganid@merriam-webster.com,Speech Pathologist
663,Corrina,carthurie@istockphoto.com,Assistant Professor
664,Ric,rgreenlyif@ed.gov,GIS Technical Architect
665,Gare,gswaileig@163.com,Professor
666,Myron,mducarneih@ning.com,Environmental Specialist
667,Ned,npetrii@uiuc.edu,Research Associate
668,Alissa,ahollylandij@engadget.com,Automation Specialist II
669,Merrie,mlattaik@google.co.uk,Human Resources Manager
670,Jerry,jmanceil@google.it,Structural Analysis Engineer
671,Nikoletta,npattissonim@sogou.com,Assistant Media Planner
672,Keslie,kcaskeyin@360.cn,Research Assistant IV
673,Mathilde,mbealtonio@360.cn,Sales Associate
674,Jaime,jrenackownaip@yolasite.com,Sales Associate
675,Chester,cluskiq@cmu.edu,Assistant Media Planner
676,Jennette,jdumbrallir@newsvine.com,Engineer III
677,Mano,mmolanis@gravatar.com,Data Coordinator
678,Cacilia,cferronierit@shop-pro.jp,Assistant Media Planner
679,Zia,zbatoniu@sitemeter.com,Financial Advisor
680,Andra,abochiv@artisteer.com,Research Associate
681,Griffin,gescudieriw@odnoklassniki.ru,Safety Technician III
682,Corny,cpellingtonix@princeton.edu,Programmer III
683,Vidovik,vsangoiy@vimeo.com,Statistician III
684,Karisa,kvannoniiz@google.com,Assistant Media Planner
685,Ronalda,rtreatj0@symantec.com,Actuary
686,Stanleigh,slurcockj1@hhs.gov,Professor
687,Curcio,cgibberdj2@nasa.gov,Recruiter
688,Iain,ikennerleyj3@gravatar.com,Payment Adjustment Coordinator
689,Augustine,abuneyj4@nymag.com,Staff Accountant I
690,Cello,creolfoj5@comcast.net,Project Manager
691,Debor,dbernj6@topsy.com,Occupational Therapist
692,Christabel,cmonikerj7@thetimes.co.uk,Administrative Officer
693,Abramo,aguytonj8@usa.gov,Recruiting Manager
694,Randolph,rhartinj9@ocn.ne.jp,Desktop Support Technician
695,Allayne,ahinkesja@51.la,Associate Professor
696,Amalia,arolstonjb@macromedia.com,Research Nurse
697,Ricki,rbushenjc@upenn.edu,Research Assistant IV
698,Janka,jmenpesjd@buzzfeed.com,Food Chemist
699,April,amcginleyje@tinypic.com,Operator
700,Konstance,kbrackenburyjf@drupal.org,Media Manager II
701,Natalya,nspreadburyjg@deliciousdays.com,Structural Engineer
702,Booth,bgreenlandjh@networksolutions.com,Database Administrator I
703,Bald,bwilcoxji@zimbio.com,Web Designer I
704,Auroora,adultonjj@ifeng.com,Biostatistician I
705,Olga,ootleyjk@booking.com,Engineer II
706,Gaylene,gfilipponejl@wiley.com,Design Engineer
707,Perl,pplitzjm@phoca.cz,Programmer III
708,Hayyim,hcorishjn@mapy.cz,Account Coordinator
709,Malcolm,mileyjo@howstuffworks.com,Budget/Accounting Analyst III
710,James,jhickeringilljp@elpais.com,Developer III
711,Emlynn,emartonjq@bandcamp.com,Internal Auditor
712,Domenic,ddonohuejr@pinterest.com,Occupational Therapist
713,Antoine,ashooterjs@digg.com,Staff Scientist
714,Waldon,wcripsjt@blogspot.com,Speech Pathologist
715,Ceil,ccomussoju@amazon.de,Software Test Engineer II
716,Melanie,mspurryerjv@economist.com,Cost Accountant
717,Ermengarde,ebrouwerjw@amazon.com,Design Engineer
718,Mychal,modriscolljx@1688.com,Nurse
719,Davin,dbartholatjy@dot.gov,Safety Technician IV
720,Dona,dmallatrattjz@nationalgeographic.com,Senior Developer
721,Pansy,pscrimgeourk0@clickbank.net,Staff Accountant III
722,Reinaldos,rramsteadk1@wordpress.org,Product Engineer
723,Grissel,grytonk2@msn.com,Research Associate
724,Sophey,scarok3@ustream.tv,Mechanical Systems Engineer
725,Roxine,revittsk4@deliciousdays.com,Analyst Programmer
726,Debera,dlapthornk5@slideshare.net,Teacher
727,Marlo,msummergillk6@ovh.net,Product Engineer
728,Evanne,erasmusk7@acquirethisname.com,Compensation Analyst
729,Guendolen,gcroxleyk8@edublogs.org,Account Executive
730,Felicia,fdawtreyk9@gov.uk,VP Sales
731,Tallulah,temanuelovka@miibeian.gov.cn,Biostatistician IV
732,Gustavus,gshimukkb@shop-pro.jp,Information Systems Manager
733,Lazar,lolczykkc@blinklist.com,Administrative Assistant I
734,Lindsey,lbernadzkikd@networksolutions.com,Safety Technician IV
735,Goober,gmewrcikke@tmall.com,Senior Sales Associate
736,Andra,abourkekf@artisteer.com,GIS Technical Architect
737,Wylma,wromainkg@instagram.com,Computer Systems Analyst II
738,Rachael,rjeffresskh@spotify.com,Legal Assistant
739,Nollie,nflackeki@mysql.com,Engineer IV
740,Klaus,kteissierkj@tinypic.com,Assistant Media Planner
741,Tyrone,thellikeskk@eventbrite.com,Registered Nurse
742,Agnese,awhillockkl@nih.gov,Staff Accountant IV
743,Klement,kgimbletkm@ifeng.com,Senior Developer
744,Giana,gkynastonekn@ovh.net,Financial Analyst
745,Kellie,kroebyko@usa.gov,Accounting Assistant IV
746,Aloisia,achalonerkp@oakley.com,Sales Associate
747,Luci,lpaddlekq@whitehouse.gov,Food Chemist
748,Quinn,qdumphreyskr@mozilla.org,Environmental Specialist
749,Sunny,sblesingks@free.fr,Human Resources Manager
750,Tedda,trickwoodkt@mozilla.org,Occupational Therapist
751,Angeli,analderku@macromedia.com,Director of Sales
752,Karita,kcresserkv@sfgate.com,Accountant III
753,Lorenza,lclairekw@slate.com,Quality Control Specialist
754,Dulci,dhubberkx@wikipedia.org,Environmental Specialist
755,Elmira,emoffatky@jiathis.com,Registered Nurse
756,Cristal,cpettengellkz@google.ca,Executive Secretary
757,Margalit,moheneryl0@slashdot.org,Web Developer II
758,Nadya,nelgerl1@cbsnews.com,Civil Engineer
759,Veronike,vlendenl2@intel.com,Structural Analysis Engineer
760,Raf,rbabonl3@dailymail.co.uk,Senior Editor
761,Sayres,svasyuchovl4@tiny.cc,Nurse Practicioner
762,Ber,belsonl5@delicious.com,Structural Analysis Engineer
763,Marylin,mmitchelyl6@loc.gov,Payment Adjustment Coordinator
764,Cacilie,cfarral7@hatena.ne.jp,Legal Assistant
765,Rolph,rmcginnelll8@dot.gov,Compensation Analyst
766,Anstice,aegdall9@techcrunch.com,Accountant III
767,Beau,bjasparla@1und1.de,Administrative Officer
768,Rey,rseeviourlb@marketwatch.com,Nurse Practicioner
769,Moore,mimmlc@tiny.cc,Senior Editor
770,Marlie,mrichardld@lulu.com,Senior Quality Engineer
771,Rivy,rfarmeryle@twitter.com,Social Worker
772,Winona,wwestpfellf@hp.com,Programmer II
773,Karim,kkeemarlg@squarespace.com,Legal Assistant
774,Bernadina,bscaddinglh@dailymotion.com,VP Accounting
775,Nicole,ngrinaughli@ucoz.com,Nurse Practicioner
776,Loree,lbodycombelj@sina.com.cn,Geologist III
777,Jaquenetta,jwarretlk@eventbrite.com,Staff Scientist
778,Whitney,wpylkynytonll@lulu.com,Biostatistician III
779,See,sfredylm@engadget.com,Assistant Media Planner
780,Claire,cpittfordln@infoseek.co.jp,Administrative Assistant IV
781,Hagen,hgaiterlo@npr.org,Health Coach IV
782,Guenna,gyurocjhinlp@illinois.edu,Data Coordinator
783,Eddi,eenricolq@godaddy.com,Sales Representative
784,Issiah,ikwieklr@yolasite.com,Executive Secretary
785,Jordain,jpeaplels@businessweek.com,Staff Scientist
786,Florenza,fgutridgelt@spiegel.de,GIS Technical Architect
787,Quintina,qnieasslu@miibeian.gov.cn,Civil Engineer
788,Gelya,gmcquillinlv@vkontakte.ru,Product Engineer
789,Galen,gharelw@phoca.cz,Senior Editor
790,Penrod,pmillelx@ucla.edu,Physical Therapy Assistant
791,Aldric,adovermannly@multiply.com,Chief Design Engineer
792,Vevay,vbertelsenlz@foxnews.com,Speech Pathologist
793,Jenelle,jbalassam0@pinterest.com,Environmental Tech
794,Emile,elocketm1@accuweather.com,VP Sales
795,Dunstan,dgoginm2@slate.com,Safety Technician I
796,Kati,kvedeneevm3@craigslist.org,Systems Administrator IV
797,Julian,jfearsm4@wufoo.com,Geologist II
798,Dennis,druppelem5@1688.com,GIS Technical Architect
799,Yolanthe,yputtm6@i2i.jp,Database Administrator IV
800,Burty,bglencrosm7@nasa.gov,Sales Associate
801,Barnard,bnussenm8@illinois.edu,Technical Writer
802,Amber,aforshawm9@wp.com,Sales Representative
803,Annie,astrassema@pcworld.com,Senior Financial Analyst
804,Kacie,kdykamb@businesswire.com,Programmer I
805,Obidiah,ogiovannardimc@barnesandnoble.com,Staff Scientist
806,Bogey,bravenscroftmd@myspace.com,Web Developer II
807,Kilian,khensmansme@earthlink.net,Chief Design Engineer
808,Meggie,mrodsonmf@zdnet.com,Technical Writer
809,Hedwig,hbullantmg@cdbaby.com,Computer Systems Analyst IV
810,Kelwin,kcarnamanmh@jugem.jp,Occupational Therapist
811,Cam,cgrimsleymi@eepurl.com,Staff Accountant IV
812,Violante,vlepardmj@zdnet.com,Quality Control Specialist
813,Arthur,akelbermanmk@amazon.co.jp,Statistician IV
814,Brigitte,bmazzilliml@forbes.com,Assistant Media Planner
815,Maurie,mhuffamm@google.com.hk,Community Outreach Specialist
816,Ingmar,inuttermn@google.de,Quality Engineer
817,Rubin,rburnemo@epa.gov,Recruiting Manager
818,Ilyse,iblaaschmp@ehow.com,Recruiter
819,Berry,bverginemq@techcrunch.com,Engineer II
820,George,gcodymr@istockphoto.com,Environmental Tech
821,Junia,jmacascaidhms@mediafire.com,Community Outreach Specialist
822,Tessie,tcopemt@webmd.com,Nurse
823,Daron,dmiklemmu@thetimes.co.uk,Research Nurse
824,Appolonia,aleroymv@amazon.co.jp,Tax Accountant
825,Asia,ahanbidgemw@sfgate.com,Senior Editor
826,Anabal,amatieumx@pinterest.com,Automation Specialist III
827,Chariot,csollettmy@blogtalkradio.com,Assistant Manager
828,Winona,wgiddingsmz@ftc.gov,Financial Advisor
829,Orlando,oblakebroughn0@tamu.edu,Community Outreach Specialist
830,Adena,aburchettn1@sitemeter.com,Food Chemist
831,Warren,wbillettn2@reddit.com,Financial Analyst
832,Edsel,ejupen3@google.com.br,Computer Systems Analyst II
833,Karney,kreddihoughn4@taobao.com,Senior Sales Associate
834,Walsh,wraspern5@tumblr.com,Data Coordinator
835,Reggie,rpoytherasn6@cornell.edu,Actuary
836,Marchall,mcastanonen7@icq.com,Electrical Engineer
837,Merralee,mferrern8@xrea.com,Human Resources Assistant IV
838,Caye,cpentelon9@unesco.org,Research Nurse
839,Derward,dbengoughna@bizjournals.com,Budget/Accounting Analyst IV
840,Wilt,wshearwoodnb@dedecms.com,VP Marketing
841,Reade,rseggenc@alibaba.com,Geological Engineer
842,Kenyon,kskulletnd@smh.com.au,Nuclear Power Engineer
843,Donella,dbodmanne@amazon.co.uk,VP Sales
844,Guinevere,gmuckartnf@printfriendly.com,Web Designer IV
845,Alessandro,abeldhamng@vinaora.com,Business Systems Development Analyst
846,Stacy,sengleynh@gmpg.org,Marketing Manager
847,Warden,wtrythallni@paginegialle.it,VP Sales
848,Brigida,bcristofolininj@rediff.com,Sales Representative
849,Herbie,hcejkank@cpanel.net,Dental Hygienist
850,Orren,ostappardnl@yahoo.com,Executive Secretary
851,Isador,icrathornenm@techcrunch.com,VP Marketing
852,Jacky,jmenhamnn@bandcamp.com,Research Associate
853,Heriberto,hfretsonno@squarespace.com,Senior Sales Associate
854,Heloise,hstorrocknp@examiner.com,Teacher
855,Edmon,ebillisonnq@discuz.net,Nurse
856,Rutter,rwillimontnr@ted.com,Payment Adjustment Coordinator
857,La verne,lpeaseens@wordpress.org,Financial Advisor
858,Jocelyne,jmclleesent@dmoz.org,Speech Pathologist
859,Stormy,sgorlernu@webnode.com,GIS Technical Architect
860,Row,rlipsettnv@kickstarter.com,Geologist III
861,Alikee,abailnw@prweb.com,Community Outreach Specialist
862,Lucius,lfoxwellnx@wufoo.com,Senior Cost Accountant
863,Anne-marie,arabbittsny@tiny.cc,Project Manager
864,Bekki,bcoonihannz@cdc.gov,Cost Accountant
865,Miof mela,mwhitteno0@soup.io,Civil Engineer
866,Wally,wfortesquieuo1@aboutads.info,Web Designer II
867,Aldo,aplentyo2@bigcartel.com,Environmental Tech
868,Aylmar,ablinto3@xing.com,Programmer Analyst II
869,Cyndie,ccarrigano4@dion.ne.jp,Software Engineer III
870,Cheri,cblaydo5@w3.org,Payment Adjustment Coordinator
871,Dorree,dlangworthyo6@nsw.gov.au,Nuclear Power Engineer
872,Gael,gdiggleso7@cmu.edu,Administrative Assistant IV
873,Sybyl,sskpseyo8@state.gov,Geological Engineer
874,Gus,gwinmano9@umn.edu,Electrical Engineer
875,Olia,otompkinoa@studiopress.com,Compensation Analyst
876,Cacilie,cvettoreob@sciencedirect.com,Paralegal
877,Ivonne,ibrownlowoc@wp.com,Structural Engineer
878,Jourdain,jbrevittod@sciencedaily.com,Health Coach II
879,Bethanne,bleaneyoe@kickstarter.com,Administrative Assistant IV
880,Elvira,edormandof@google.nl,Recruiter
881,Brittani,bduggaryog@qq.com,Assistant Professor
882,Claiborn,cjeanesoh@dailymotion.com,Account Coordinator
883,Finley,fsheldrickoi@washington.edu,Software Test Engineer III
884,Malva,mgronwoj@illinois.edu,VP Marketing
885,Raynor,rbreconok@telegraph.co.uk,Software Consultant
886,Gilbertine,gsheedol@earthlink.net,Assistant Professor
887,Jeffy,jreevesom@51.la,Nurse Practicioner
888,Giacobo,gbeekenon@goodreads.com,Dental Hygienist
889,Glory,gtoomeroo@hud.gov,Automation Specialist III
890,Denis,dcoomop@sina.com.cn,Junior Executive
891,Grace,gosbaldestonoq@slate.com,Legal Assistant
892,Georgi,gcamillior@icq.com,Web Developer IV
893,Halsey,hrenshellos@newyorker.com,Research Associate
894,Anatole,afarfullot@omniture.com,Cost Accountant
895,Carlynne,cseivwrightou@google.nl,Librarian
896,Avrom,ablenkharnov@ocn.ne.jp,General Manager
897,Brander,blonerganow@domainmarket.com,Internal Auditor
898,Ianthe,igilleonox@elegantthemes.com,VP Quality Control
899,Kellia,kbenduhnoy@jigsy.com,Programmer Analyst II
900,Kent,kfairecloughoz@jimdo.com,Biostatistician IV
901,Gaylene,gtimsonp0@google.com,Senior Developer
902,Basilio,bmollisonp1@photobucket.com,Database Administrator I
903,Vernor,vgergherp2@altervista.org,Help Desk Technician
904,Ross,rlapsliep3@nyu.edu,VP Product Management
905,Karna,kcorkp4@yellowbook.com,Automation Specialist I
906,Joane,jvibertp5@noaa.gov,Civil Engineer
907,Merle,mmacgounp6@skyrock.com,Analyst Programmer
908,Charlena,cpallaskep7@si.edu,Marketing Assistant
909,Yetty,yjohananovp8@artisteer.com,Nurse Practicioner
910,Elihu,ebevillep9@cisco.com,VP Quality Control
911,Marylou,mgudgenpa@sitemeter.com,Nurse Practicioner
912,Rufe,rbeatsonpb@webs.com,Marketing Assistant
913,Derwin,dcorkingpc@123-reg.co.uk,Geological Engineer
914,Olva,okieffpd@networksolutions.com,Biostatistician II
915,Gustavus,ggawkespe@mlb.com,Structural Analysis Engineer
916,Andrea,asautterpf@rambler.ru,Account Executive
917,Werner,wworvellpg@bing.com,Senior Editor
918,Witty,wsleefordph@google.fr,Environmental Tech
919,Catlee,cfancepi@cdbaby.com,Programmer II
920,Bentlee,briattpj@theguardian.com,Clinical Specialist
921,Audrye,aheyballpk@mtv.com,Nuclear Power Engineer
922,Fons,ffeakpl@webeden.co.uk,Senior Quality Engineer
923,Morry,mstitsonpm@twitpic.com,Research Nurse
924,Roddy,rlunkpn@meetup.com,Recruiter
925,Kerby,ksothcottpo@blogspot.com,Research Associate
926,Velvet,vguilloudpp@123-reg.co.uk,Legal Assistant
927,Curry,cmadgepq@nasa.gov,Registered Nurse
928,Livvie,lwincklespr@wired.com,Paralegal
929,Claretta,cdehavenps@yandex.ru,Environmental Tech
930,Mariejeanne,mschoberpt@cbslocal.com,Chief Design Engineer
931,Forrester,fmacieiczykpu@stumbleupon.com,Pharmacist
932,Rachele,rgatherpv@nhs.uk,Engineer III
933,Rhonda,rcantipw@bloglines.com,Assistant Manager
934,Stan,smacneachtainpx@indiegogo.com,Assistant Media Planner
935,Marsha,mlushpy@etsy.com,Developer II
936,Arthur,abellwardpz@edublogs.org,Teacher
937,Seamus,skarimq0@imageshack.us,Chemical Engineer
938,Elisabet,ecosensq1@wordpress.com,Chemical Engineer
939,Nicolea,nobertq2@wired.com,Desktop Support Technician
940,Dosi,dhasellq3@umich.edu,Internal Auditor
941,Sammie,skneeshaq4@answers.com,Registered Nurse
942,Henri,hgwilliamsq5@usgs.gov,Safety Technician III
943,Towny,tashardq6@ftc.gov,Media Manager II
944,Violet,vhoneyghanq7@networkadvertising.org,Quality Engineer
945,Saloma,sducketq8@dagondesign.com,Social Worker
946,Eleni,etwinberrowq9@hud.gov,Automation Specialist III
947,Gusty,gduckettqa@mediafire.com,Software Engineer II
948,Belinda,bskepperqb@behance.net,Chemical Engineer
949,Phoebe,psorelqc@who.int,Recruiter
950,Regina,rgepsonqd@e-recht24.de,Human Resources Assistant III
951,Cathrine,cmcclymontqe@latimes.com,VP Accounting
952,Gaylord,gmatthiesenqf@tinyurl.com,Project Manager
953,James,jculliganqg@accuweather.com,VP Marketing
954,Brody,bpancoustqh@sphinn.com,Social Worker
955,Margaretha,mprescotqi@behance.net,Structural Analysis Engineer
956,Jeannine,jgoginqj@hao123.com,Human Resources Assistant I
957,Janet,jdoaleqk@yellowpages.com,Accounting Assistant II
958,Mickey,mheningamql@marriott.com,Web Designer I
959,Ludwig,lbiltonqm@dell.com,Staff Scientist
960,Carilyn,crosterneqn@mit.edu,Community Outreach Specialist
961,Mellisa,mtreadgerqo@163.com,Junior Executive
962,Leslie,lizacqp@upenn.edu,Senior Financial Analyst
963,Shay,ssallnowqq@accuweather.com,Physical Therapy Assistant
964,Marlena,mmcgourtyqr@typepad.com,Librarian
965,Daisey,dheballqs@ebay.co.uk,Project Manager
966,Heriberto,hfairleighqt@reverbnation.com,GIS Technical Architect
967,Niall,nambagequ@psu.edu,Senior Cost Accountant
968,Morgen,mgorhamqv@hp.com,Design Engineer
969,Lilas,lenstonqw@aol.com,Project Manager
970,Catrina,cjancsoqx@prweb.com,Geologist II
971,Nikolos,nkingsnorthqy@gov.uk,Speech Pathologist
972,Sly,screminsqz@timesonline.co.uk,Speech Pathologist
973,Hewett,henterleinr0@networksolutions.com,Marketing Manager
974,Raddie,rkordovar1@dion.ne.jp,Engineer II
975,Janine,jyoellr2@cyberchimps.com,Human Resources Assistant II
976,Jude,jreddecliffer3@squarespace.com,Sales Representative
977,Leroy,lchartr4@businessweek.com,Developer II
978,Kimbra,kharropr5@cyberchimps.com,Office Assistant I
979,Henryetta,hmuzzillor6@miitbeian.gov.cn,Teacher
980,Tedd,thackingr7@joomla.org,Senior Sales Associate
981,North,ndaviller8@quantcast.com,Software Engineer II
982,Artemis,apaulazzir9@dedecms.com,Food Chemist
983,Goldie,ghanalanra@w3.org,Programmer Analyst II
984,Mordecai,mdaffernrb@hibu.com,Graphic Designer
985,Osborne,ocescotrc@dell.com,Developer I
986,Mechelle,msumptionrd@arizona.edu,Structural Engineer
987,Megen,mbuckwellre@hatena.ne.jp,Actuary
988,Mirabella,mschruurrf@xing.com,Project Manager
989,Dominga,dhullinsrg@tmall.com,Environmental Specialist
990,Loni,llevingrh@yandex.ru,VP Quality Control
991,Temple,ttompkissri@scribd.com,Senior Cost Accountant
992,Frank,fkimbroughrj@mediafire.com,Marketing Manager
993,Allina,ahowerdrk@ebay.com,Nurse
994,Ira,imoroneyrl@patch.com,Web Developer I
995,Cate,cswiggrm@dion.ne.jp,Accounting Assistant III
996,Burch,byurkinrn@woothemes.com,Technical Writer
997,Gabi,gbarlassro@wikispaces.com,VP Marketing
998,Vergil,vbanischrp@google.com.au,Chief Design Engineer
999,Johnna,jrowlingrq@omniture.com,Professor
1000,Arthur,alepiscopiorr@elpais.com,Professor
